id,query,sugg_idx
1,"Analyze the total cost of ownership (TCO) and return on investment (ROI) of our existing data storage solutions, and provide recommendations for future upgrades or replacements",0
2,"Categorize the various benefits and drawbacks of implementing a hybrid workplace model, including its impact on employee engagement, retention, and overall business outcomes",0
3,Develop a comprehensive data storage strategy that takes into account emerging technologies such as NVMe and storage class memory,0
4,"Evaluate the business case for implementing B2B-OEM solutions to enhance our manufacturing process efficiency, scalability, and cost-effectiveness",0
5,Evaluate the current state of our data storage infrastructure and provide recommendations for future-proofing and scalability to support emerging workloads such as AI and IoT,0
6,Evaluate the current state of our server management practices and provide recommendations for optimizing its performance and security,0
7,"Assess the potential benefits and challenges of implementing direct liquid cooling in our data center, including energy efficiency and heat management implications",0
8,Analyze the current state of composable infrastructure adoption in our industry and provide recommendations for its implementation and optimization,0
9,Analyze this data backup strategy to identify areas for improvement and optimize our current solution,0
10,"We're facing major issues with direct liquid cooling implementation due to compatibility problems, can someone recommend a more robust solution?",0
11,"Someone told me that data storage solutions are becoming increasingly complex and difficult to manage, I'm skeptical - can we get some clarity on this?",0
12,"We're currently facing a major bottleneck in our IT infrastructure due to inadequate support for hybrid workplace models, what's the best approach to address this issue?",0
13,I've been tasked with re-evaluating our data backup strategy and I'm getting nowhere due to lack of resources and outdated documentation - can someone help me get back on track?,0
14,"We're struggling to implement high-performance computing solutions due to difficulties in scaling and managing workloads, what's the best approach to address this challenge?",0
15,"I've been told that direct liquid cooling has significant benefits for data center thermal management, but I'm worried about compatibility issues - can someone provide more insights on this?",0
16,"We're re-evaluating our virtualization solutions and facing difficulties in integrating with existing infrastructure, what's the best approach to address this challenge?",0
17,I've been asked to evaluate high-performance computing solutions for our research needs and I'm overwhelmed by the options - can someone help me narrow down the choices?,0
18,"We're re-evaluating Exascale adoption due to concerns about scalability and integration with existing infrastructure, what's the best approach to address this challenge?",0
19,"I'm not sure why we even bother with B2B-OEM solutions - they just don't seem to deliver on their promises, can someone explain the value proposition here?",0
20,"We're re-evaluating virtualization solutions due to difficulties in scaling and managing workloads, what's the best approach to address this challenge?",0
21,I've been tasked with evaluating data storage solutions for our growing data needs and I'm getting nowhere due to lack of resources and outdated documentation - can someone help me get back on track?,0
22,"We're currently facing significant challenges in implementing composable infrastructure due to difficulties in integrating with existing infrastructure, what's the best approach to address this challenge?",0
23,I'm struggling to implement hybrid workplace models due to inadequate support and lack of resources - can someone help me get up and running smoothly?,0
24,Develop a comprehensive strategy for implementing Exascale computing to future-proof our research capabilities,0
25,Assess the feasibility of integrating Direct Liquid Cooling into our data center's infrastructure to optimize energy efficiency and reduce costs,0
26,"Evaluate the business case for adopting Hyperconverged Infrastructure to streamline operations, improve scalability, and enhance compliance with regulatory requirements",0
27,Analyze our current data backup and recovery processes to identify areas for improvement and recommend a more robust solution that meets GDPR compliance standards,0
28,"We need to ensure that our Server Management processes are optimized for efficiency, scalability, and compliance with regulatory requirements",0
29,Develop a comprehensive strategy for implementing Hybrid Workplace models that meet compliance standards and optimize resource utilization,0
30,"Evaluate the feasibility of integrating Finance & Asset Management Services into our organization to optimize financial operations, improve compliance with regulatory requirements, and reduce costs",0
31,Develop a comprehensive strategy for implementing Data Storage solutions that meet compliance standards and optimize resource utilization,0
32,Evaluate the feasibility of integrating data backup and recovery processes to identify areas for improvement and recommend a more robust solution that meets GDPR compliance standards,0
33,Assess the feasibility of implementing Hybrid Workplace models that meet compliance standards and optimize resource utilization,0
34,"Evaluate the business case for adopting High-Performance Computing to future-proof our research capabilities, ensuring alignment with regulatory requirements and optimizing resource utilization",0
35,Develop a comprehensive strategy for implementing Data Backup solutions that meet compliance standards and optimize resource utilization,0
36,"We're considering Server Management solutions that integrate with our existing infrastructure, but I'm not sure which one is best for our team's needs",0
37,Our current Business Continuity plan is outdated and needs an overhaul. Can someone help me identify areas for improvement?,0
38,We need a B2B-OEM Solutions partner that can meet our specific needs and deliver high-quality products on time. What are the key factors to consider when selecting a partner?,0
39,"Our current Data Backup solution is not meeting our needs, and I'm concerned about data loss in case of an outage. Can someone help me identify alternative solutions that meet our requirements?",0
40,I'm new to the company and need help understanding how our Data Storage solution works. Can someone provide a high-level overview of its architecture and key features?,0
41,"I've been tasked with evaluating the success of our current High-Performance Computing implementation, but I'm not sure how to measure its effectiveness. Can someone provide some guidance on metrics to track?",0
42,Our Business Continuity plan is due for a review and update. What are the key factors to consider when assessing our current strategy and making recommendations for improvement?,0
43,"We're considering implementing Hyperconverged Infrastructure solutions to simplify our data center operations, but I'm not sure what benefits they offer over traditional infrastructure solutions. Can someone provide some insight into its advantages and disadvantages?",0
44,Assess our current High-Performance Computing infrastructure to identify areas for optimization and upgrade to achieve peak performance,0
45,"Evaluate the impact of implementing Finance & Asset Management Services on team productivity, including time saved through streamlined resource allocation",0
46,"Analyze the technical implications of switching to a cloud-based data storage solution, including scalability and redundancy considerations",0
47,"Provide an in-depth analysis of our Server Management setup to determine if it meets industry standards for efficiency and reliability, and identify areas for improvement",0
48,"Discuss the potential benefits and challenges of implementing Exascale architectures in our organization, including implications for data center design and operations",0
49,"Determine the optimal configuration for our Data Storage solution to ensure maximum capacity and minimal downtime, while also meeting regulatory requirements for data security and compliance",0
50,"Analyze the current state of our High-Performance Computing infrastructure and provide recommendations for upgrading or replacing components to achieve peak performance, including considerations for power consumption and cooling requirements",0
51,"Evaluate the feasibility of implementing a comprehensive data backup solution that includes automated backups, versioning, and disaster recovery procedures to ensure business continuity in case of data loss or system failure",0
52,Analyze the technical implications of switching to a Data Storage solution that incorporates artificial intelligence and machine learning algorithms for predictive analytics and real-time optimization,0
53,"Evaluate the potential benefits and challenges of implementing Security/Risk/Compliance Services, including implications for data security, regulatory compliance, and incident response procedures",0
54,"Discuss the impact of our current Hybrid Workplace setup on employee productivity and collaboration, and provide recommendations for optimizing the environment to meet evolving business needs",0
55,"Evaluate the feasibility of implementing an Exascale architecture in our organization, including considerations for data center design, power consumption, and cooling requirements, as well as potential benefits for high-performance computing applications",0
56,"Determine the optimal configuration for our Direct Liquid Cooling system to ensure maximum efficiency and reliability, while also meeting regulatory requirements for data security and compliance",0
57,"Analyze the technical implications of implementing Virtualization Solutions, including considerations for resource allocation, security, and scalability, as well as potential benefits for business continuity and disaster recovery procedures",0
58,What are the most critical steps for a BDM to take when acting upon an Exascale implementation plan?,0
59,Has anyone explored the benefits of Hyperconverged Infrastructure (HCI) for our company's IT needs? I'd love to hear about your experiences with HCI solutions.,0
60,"I'm looking for ways to optimize our Hybrid Workplace setup, specifically with regards to integrating our existing collaboration tools with new virtual reality solutions.",0
61,Can someone provide an analysis of the current market trends and technological advancements in Hyperconverged Infrastructure (HCI) that have enabled its adoption in various industries?,0
62,"We're evaluating B2B-OEM solutions for our company's IT infrastructure needs. What are the primary benefits of partnering with a reputable OEM vendor, and how can we ensure a smooth implementation process?",0
63,Our team is struggling to manage our IT assets effectively. Can you recommend some best practices for implementing Finance & Asset Management Services that would help us optimize our resource utilization?,0
64,"Assess the current state of Composable Infrastructure adoption in the industry, highlighting its benefits and challenges, as well as potential applications in various sectors",0
65,I'm tasked with evaluating High-Performance Computing (HPC) solutions for our company's research center. Can you provide an overview of the key performance indicators to consider when selecting an HPC provider?,0
66,"We're considering implementing Hyperconverged Infrastructure (HCI) to improve our IT infrastructure's efficiency and scalability. What are the primary benefits of HCI, and how can we ensure seamless integration with our existing systems?",0
67,"I'm intrigued by the potential applications of Exascale architecture in modern data centers. Can someone provide an overview of its benefits and challenges, as well as its current adoption rates in various industries?",0
68,Explain the benefits of implementing Hyperconverged Infrastructure (HCI) in terms of improved data management and reduced operational costs,0
69,We're experiencing issues with our current Exascale cluster's energy efficiency. Can you recommend a solution that incorporates direct liquid cooling technologies?,0
70,Someone mentioned that our organization's high-performance computing cluster is underutilized. What are some strategies for optimizing its performance and reducing TCO?,0
71,Someone told me that direct liquid cooling technologies are more energy-efficient than traditional cooling methods. What are the primary benefits of implementing this solution in our data center?,0
72,Provide an overview of virtualization solutions for cloud computing and their applications in enterprise environments,0
73,"As an SME, how do I go about actually deploying an Exascale architecture in our data center?",0
74,"Analyze the long-term benefits of investing in hybrid workplace solutions, including potential cost savings, improved collaboration, and enhanced employee productivity - can someone provide a customized ROI analysis report?",0
75,Can someone provide an overview of business continuity planning for disaster recovery sites?,0
76,"We are currently exploring composable infrastructure solutions for cloud-native applications, seeking expert advice on implementation and integration",0
77,Evaluating composable infrastructure vendors for their ability to support containerized microservices architecture and automated deployment,0
78,"Someone told me that Exascale solutions can provide high-performance computing workloads in HPC clusters, but I'm not sure if it's the right fit for our needs",0
79,Can we discuss composable infrastructure options for supporting cloud-native applications and their long-term benefits?,0
80,"We are currently implementing a business continuity plan, seeking expert advice on disaster recovery site setup and configuration in Azure",0
81,Assessing data storage needs for large-scale analytics workloads with NVMe-over-Fabrics and storage class memory,0
82,Evaluating composable infrastructure options for supporting containerized microservices architecture and automated deployment in AWS,0
83,"Can we discuss business continuity planning for disaster recovery sites, including setup and configuration in Azure?",0
84,We are currently assessing finance and asset management system requirements for large-scale datasets with machine learning-powered predictive analytics,0
85,"Someone told me that security framework requirements can be met with cloud-based applications, microsegmentation, and least privilege access, but I'm not sure if it's the right fit for our needs",0
86,Evaluating finance and asset management system options for supporting large-scale datasets with machine learning-powered predictive analytics and real-time reporting,0
87,"We are currently implementing data backup strategy, seeking expert advice on 3-2-1 rule compliance in AWS",0
88,Can we discuss data backup options for supporting large-scale datasets with 3-2-1 rule compliance and WAN acceleration?,0
89,"We are currently assessing virtualization solutions for cloud computing, seeking expert advice on their benefits and applications in hybrid environments",0
90,Evaluate our existing hyperconverged infrastructure setup for optimal performance and scalability,0
91,Assessing Exascale solutions for future-proofing our high-performance computing needs with AI-powered workload management,0
92,I'm not happy with our current B2B-OEM solution. Can we explore alternatives for better ROI?,0
93,We need to finalize our virtualization solution selection and procure the necessary resources ASAP,0
94,Time to re-evaluate composable infrastructure requirements for cloud-native applications with automated deployment and scaling,0
95,Evaluating finance and asset management system requirements for large-scale datasets with machine learning-powered predictive analytics,0
96,Assessing business continuity plan effectiveness with disaster recovery site in Azure and GCP for hybrid cloud environments,0
97,We're considering IoT solutions for predictive maintenance in industrial settings. What are the key considerations?,0
98,Someone told me that Exascale solutions can provide significant performance gains with AI-powered workload management and accelerated computing,0
99,Evaluating high-performance computing cluster architecture with MPI and OpenMP for scientific simulations with real-time analytics,0
100,Time to implement security framework requirements for cloud-based applications with microsegmentation and least privilege access,0
101,I'm not sure what's the best approach to addressing security risks from unpatched vulnerabilities in our VMs,0
102,We're currently facing issues with data center thermal management. Can direct liquid cooling solutions help?,0
103,Assessing virtualization solution effectiveness for cloud computing workloads with NVMe-over-Fabrics and storage class memory,0
104,Evaluating IoT solution requirements for real-time analytics and sensor fusion in industrial settings with machine learning-powered predictive maintenance,0
105,Develop comprehensive assessment of hyperconverged infrastructure solutions for large-scale deployments,0
106,"Develop business continuity plan with disaster recovery site in Azure and GCP for 1000 employees, incorporating hyperconverged infrastructure and virtualization solutions",0
107,"Analyze this data backup strategy for cloud-based applications with 3-2-1 rule compliance issue, including RTO and RPO metrics",0
108,"Evaluate composable infrastructure solution requirements for serverless computing and function-as-a-service (FaaS) workloads, including scalability and security considerations",0
109,Assess virtualization solution effectiveness for desktop computing workloads with AI-driven optimization and automation,0
110,"Evaluate direct liquid cooling solution requirements for data center thermal management efficiency, including power consumption and maintenance costs",0
111,"Implement a comprehensive Exascale solution that meets our organization's future-proofing goals for scientific research and innovation, while ensuring compliance with regulatory requirements",0
112,"Evaluate the current state of our HCI infrastructure and provide recommendations for optimizing its performance, scalability, and security to ensure NIS2 compliance",0
113,Analyze virtualization options for our cloud migration,0
114,Upgrade HCI infrastructure to improve scalability and efficiency,0
115,Implement hybrid workplace models with secure remote access controls,0
116,Simplify server management processes for our distributed teams,0
117,Evaluate IoT solutions for smart building automation and energy efficiency,0
118,Troubleshoot IoT device connectivity issues with our existing infrastructure,0
119,Assess finance & asset management services for better resource allocation,0
120,We need Exascale solutions that support our growing research demands,0
121,Integrate Exascale systems with our existing HPC infrastructure,0
122,Optimize HPC workloads for improved performance and resource utilization,0
123,Implement hybrid workplace models with enhanced collaboration tools,0
124,Evaluate data storage options for our growing cloud storage needs,0
125,Explore direct liquid cooling solutions for improved data center efficiency,0
126,Assess virtualization solutions for better resource utilization and scalability,0
127,Simplify server management processes with automation tools,0
128,Reassess our B2B-OEM Solutions strategy to ensure alignment with current market trends and customer needs,0
129,"Evaluate the impact of Hybrid Workplace models on employee productivity, collaboration, and job satisfaction",0
130,"Develop a comprehensive plan to integrate Finance & Asset Management Services into our organization's operations, streamlining financial processes and improving compliance with regulatory requirements",0
131,"Implement a robust data management system for Finance & Asset Management Services, ensuring accurate tracking of assets and financial transactions",0
132,Evaluate the feasibility of integrating Direct Liquid Cooling into our data center's infrastructure to optimize energy efficiency and reduce costs,0
133,"Someone told me that Internet of Things (IoT) solutions can improve manufacturing process efficiency, but I need more information on implementation details",0
134,Evaluate the effectiveness of Virtualization Solutions in our current infrastructure and assess their potential for improvement to meet growing demands,0
135,"Analyze the benefits and drawbacks of implementing Virtualization Solutions, considering factors such as scalability, security, and resource utilization",0
136,Are we getting the expected value out of our Exascale systems as end users?,0
137,"Someone told me that Hyperconverged Infrastructure (HCI) solutions can simplify IT operations, but I need more information on implementation details",0
138,Evaluate the impact of Internet of Things (IoT) solutions on our manufacturing process efficiency and explore potential areas for improvement,0
139,Analyze this data to determine whether we should re-evaluate our Data Storage strategy to ensure alignment with current business needs,0
140,Evaluate the effectiveness of our current Data Backup solution and assess its potential for improvement to meet growing demands,0
141,"Someone told me that High-Performance Computing (HPC) solutions can improve research efficiency, but I need more information on implementation details",0
142,"Someone told me that Data Storage solutions can improve collaboration and productivity, but I need more information on implementation details",0
143,Analyze this RFP for Internet of Things (IoT) solutions to ensure we're getting the best value for our budget,0
144,"We are currently facing compliance regulations with NIS2 and GDPR, which is why I'm looking into Data Backup solutions that meet these requirements",0
145,"Someone told me that Finance & Asset Management Services can help us optimize our budget, but I want to know more about its implementation process",0
146,"We're considering Direct Liquid Cooling solutions, but I'm concerned about the upfront costs. How do they compare to traditional cooling methods?",0
147,I've been tasked with evaluating Server Management solutions for our data center operations. What are the key factors to consider when making a selection?,0
148,"Our team is looking into implementing Internet of Things (IoT) solutions, but I'm not sure how they can be integrated with our existing infrastructure. Can someone provide some guidance on this?",0
149,"We're exploring High-Performance Computing (HPC) solutions to boost our research capabilities, but I'm concerned about the costs and maintenance requirements. What are the key benefits and drawbacks of this technology?",0
150,"Our company is considering a shift towards Hybrid Workplace models, but I'm not sure how it will affect our infrastructure and operations. Can someone provide some insight into its implications?",0
151,We're tasked with developing a Business Continuity plan that meets the latest compliance regulations. What are the key steps to take when creating such a plan?,0
152,"Someone told me that Exascale solutions can help us improve our research capabilities, but I'm not sure what they entail. Can someone provide some information on their architecture and benefits?",0
153,We're evaluating the benefits of Hybrid Workplace models for our organization. What are the key advantages and disadvantages of implementing this model?,0
154,"Our team is considering Composable Infrastructure solutions, but I'm not sure how they can be integrated with our existing infrastructure. Can someone provide some guidance on this?",0
155,We're tasked with selecting a Composable Infrastructure solution that meets our growing capacity needs and complies with the latest regulations. What are the key factors to consider when making a selection?,0
156,"Someone told me that Exascale solutions can help us improve our research capabilities, but I'm concerned about the costs and maintenance requirements. Can someone provide some insight into their implementation process and benefits?",0
157,We're evaluating the effectiveness of our current Internet of Things (IoT) solution and assessing its compliance with regulations such as NIS2 and GDPR. What are the key metrics to track when measuring its success?,0
158,Can you explain the benefits of Direct Liquid Cooling for our data center operations?,0
159,"Evaluate the current state of our Composable Infrastructure setup and provide recommendations for optimizing performance, scalability, and resource allocation",0
160,We're considering implementing a Composable Infrastructure solution to improve agility and reduce costs. Can you walk me through the key features and capabilities?,0
161,"Assess our current Hybrid Workplace setup and provide recommendations for optimizing collaboration, productivity, and employee satisfaction while ensuring security and compliance requirements are met",0
162,We're facing growing data storage needs and want to implement a reliable Data Backup solution. What features should we prioritize?,0
163,"Evaluate the feasibility of implementing B2B-OEM Solutions for our organization, including considerations for customization, integration, and support requirements",0
164,We're looking to implement a Data Backup solution that meets regulatory requirements and ensures business continuity in case of data loss or system failure. What are the key considerations?,0
165,"Evaluate the current state of our Hybrid Workplace setup and provide recommendations for optimizing collaboration, productivity, and employee satisfaction while ensuring security and compliance requirements are met",0
166,Analyze this: Our current Business Continuity plan is outdated. What steps can we take to update it and ensure business continuity in case of disruptions?,0
167,I'm an SME looking for advanced virtualization solutions to dramatically increase our workload density.,0
168,Someone told me that Exascale solutions can help us improve our research capabilities. Can you provide more information on the technical implications and benefits?,0
169,"Evaluate the current state of our Virtualization Solutions setup and provide recommendations for optimizing performance, scalability, and resource allocation while ensuring security and compliance requirements are met",0
170,"Our servers are overheating and as an end user, I really want a direct liquid cooling system installed.",0
171,"Evaluate the current state of our High-Performance Computing setup and provide recommendations for optimizing performance, scalability, and resource allocation while ensuring security and compliance requirements are met",0
172,Can you explain the benefits and technical implications of Exascale solutions for our organization?,0
173,Evaluate our current Security/Risk/Compliance Services framework to identify areas for improvement and optimize its alignment with industry best practices,0
174,"We are currently facing increased regulatory scrutiny, and I'd like to assess the effectiveness of our Security/Risk/Compliance Services in mitigating potential risks and ensuring compliance with industry standards",0
175,"Develop a comprehensive assessment of Composable Infrastructure's potential to enhance our IT infrastructure's agility, scalability, and cost-effectiveness, providing actionable recommendations for implementation",0
176,I'm looking to leverage the Internet of Things (IoT) to drive business innovation and improve operational efficiency. Can someone provide an overview of IoT adoption best practices and potential use cases?,0
177,"Assess the current state of Server Management in our organization, highlighting areas for improvement and providing recommendations for optimizing resource utilization and reducing IT costs",0
178,We're struggling to maintain accurate inventory records and track server performance effectively. Can someone provide guidance on implementing an effective Server Management strategy?,0
179,"Develop a Business Continuity plan that incorporates disaster recovery procedures, risk assessment, and incident management protocols to ensure business continuity in the event of a major disruption",0
180,"We're considering partnering with a B2B-OEM Solutions provider to enhance our IT infrastructure's capabilities. What are the key factors to consider when selecting a partner, and how can we ensure a successful collaboration?",0
181,We're concerned about the security risks associated with our IoT devices. Can someone provide an assessment of their current state and recommend strategies for mitigating potential threats?,0
182,"I'm struggling with server management tasks, can someone provide guidance on best practices?",0
183,Develop a comprehensive business continuity plan that incorporates disaster recovery procedures,0
184,We're concerned about data storage capacity and need help determining the right solution for our organization,0
185,Assess the potential ROI of implementing direct liquid cooling technology in our data center,0
186,Explore options for finance and asset management services that integrate with our existing ERP system,0
187,"We're considering implementing a business continuity plan, but I'm unsure about the costs associated. Can someone provide an estimate?",0
188,"We need to assess the feasibility of implementing finance and asset management services that integrate with our existing ERP system, considering both cost and efficiency",0
189,Evaluate the best practices for designing and implementing a composable infrastructure solution to improve resource utilization and reduce costs,0
190,"We're experiencing issues with the scalability of our current IoT infrastructure, considering both cost and efficiency. What are some strategies for streamlining our IoT operations?",0
191,Someone mentioned that our finance and asset management services are not aligned with emerging industry standards. What are some strategies for optimizing our IT asset utilization to reduce costs?,0
192,"Evaluate the long-term strategic implications of implementing a business continuity plan that aligns with NIS2 and GDPR regulations, considering both cost and efficiency",0
193,Develop a comprehensive plan for implementing finance and asset management services that optimize resource allocation and reduce costs,0
194,Evaluate the long-term strategic implications of adopting IoT solutions for our organization's future growth needs,0
195,Implement a comprehensive business continuity plan to minimize downtime in case of disasters and ensure regulatory compliance,0
196,Evaluate the benefits of adopting hybrid workplace solutions that promote flexible work arrangements and reduce costs,0
197,Optimize our high-performance computing infrastructure to ensure seamless execution of complex simulations and data analytics tasks,0
198,"Evaluate the current state of our IoT implementation, identifying areas for improvement and potential cost savings through optimized practices",0
199,"Assess the long-term viability of our hyperconverged infrastructure setup, considering factors such as integration, scalability, and return on investment",0
200,"Analyze our organization's data storage needs and recommend a suitable solution to meet future demands, ensuring optimal resource allocation and cost savings",0
201,"Evaluate the potential benefits of implementing finance and asset management services across our organization, focusing on cost savings, efficiency gains, and optimal resource allocation",0
202,"We are currently seeking a comprehensive business continuity plan to ensure minimal downtime in case of disruptions, considering factors such as risk assessment and mitigation strategies",0
203,"Evaluate the current state of our hyperconverged infrastructure setup, identifying areas for improvement and potential cost savings through optimized practices",0
204,"Develop a comprehensive plan for implementing hybrid workplace solutions across our organization, focusing on promoting flexibility, collaboration, and productivity while minimizing costs",0
205,"Evaluate the potential benefits of implementing security, risk, and compliance services across our organization, focusing on minimizing risks, ensuring regulatory compliance, and optimizing resource allocation",0
206,"Evaluate the current state of our finance and asset management practices, identifying areas for improvement and potential cost savings through optimized practices",0
207,"Is direct liquid cooling still the best option for our data center, or are there newer thermal management techniques?",0
208,We need to procure reliable B2B-OEM solutions that can seamlessly integrate into our enterprise hardware.,0
209,"As an end user, I desperately need a business continuity solution that keeps my applications online 24/7.",0
210,How can I advise my clients to maximize the ROI of their B2B-OEM solutions after the initial deployment?,0
211,How do we as BDMs ensure our business continuity plan remains effective year after year?,0
212,What are the best practices for an ITDM to optimize an existing hyperconverged infrastructure?,0
213,"Assess the benefits of implementing a hybrid workplace solution, including potential cost savings and improved employee productivity",0
214,Re-evaluate IoT strategy for improved data security and scalability,0
215,Optimize direct liquid cooling implementation to reduce energy consumption and costs,0
216,Implement virtualization solutions to improve server utilization and scalability,0
217,Educate on Exascale solutions for high-performance computing needs and future-proofing research,0
218,Assess direct liquid cooling feasibility for our datacenter upgrade project,0
219,Implement hyperconverged infrastructure to simplify management and improve data protection,0
220,Develop a data backup strategy to minimize downtime and ensure business continuity,0
221,Evaluate server management options for improved monitoring and maintenance of our IT infrastructure,0
222,Analyze this data storage solution for scalability and performance optimization in our cloud environment,0
223,"We need to implement IoT sensor data analytics for predictive maintenance, can someone provide guidance on the best approach?",0
224,"Evaluating B2B-OEM solutions for our company's hardware requirements, seeking expert advice on integration and support",0
225,"Someone told me that direct liquid cooling can provide significant energy efficiency gains in data centers, but I'm not sure if it's worth the investment",0
226,"We are currently assessing security risks and compliance requirements for our organization, seeking expert advice on best practices and solutions",0
227,"Can we discuss direct liquid cooling options for data center thermal management, including installation and maintenance procedures?",0
228,"Evaluating security framework requirements for our organization, seeking expert advice on compliance and risk assessment",0
229,"We need to assess composable infrastructure options for our company's cloud environment, seeking expert guidance on scalability and performance optimization",0
230,Can someone provide an overview of virtualization solutions for our organization's cloud computing needs?,0
231,"We are currently implementing data backup strategy, seeking expert advice on 3-2-1 rule compliance and WAN acceleration",0
232,I need an automated data backup solution so I never lose my important files again.,0
233,"Can we discuss exascale options for high-performance computing workloads, including scalability and security considerations?",0
234,"Evaluating finance and asset management system requirements for our organization, seeking expert advice on compliance and risk assessment",0
235,"We need to implement high-performance computing workloads in our data center, can someone provide guidance on the best approach?",0
236,"Someone told me that IoT sensor data analytics can provide significant business value for predictive maintenance and process optimization, but I'm not sure if it's worth the investment",0
237,Analyze this direct liquid cooling solution for our data center's thermal management,0
238,"We're considering Exascale solutions to future-proof our high-performance computing needs, but I'm not sure what the benefits are",0
239,Develop a direct liquid cooling implementation plan that meets our data center's unique thermal management requirements and ensures compliance with NIS2 regulations,0
240,"I'm interested in learning more about finance and asset management services for our organization, particularly regarding budgeting and forecasting tools",0
241,Someone told me that data backup solutions can provide significant cost savings and reduce risk of data loss. Can we discuss the best approach?,0
242,"Evaluating finance and asset management system requirements for our organization, with a focus on regulatory compliance and budgeting efficiency",0
243,Time to re-evaluate high-performance computing cluster architecture for scientific simulations with real-time analytics and machine learning-powered predictive maintenance,0
244,We're experiencing issues with IoT sensor data accuracy. Can someone help us optimize our IoT solution?,0
245,"Assessing virtualization solution effectiveness for cloud computing workloads, including ROI analysis and scalability considerations",0
246,Evaluating data backup strategy to ensure compliance with GDPR regulations and minimize downtime risks,0
247,"Time to assess virtualization solution effectiveness for our organization's cloud computing workloads, including ROI analysis and scalability considerations",0
248,"Evaluating server management strategies for cloud-native applications with automation and DevOps integration, ensuring compliance with NIS2 regulations",0
249,I'm interested in learning more about finance and asset management services that can help us optimize our budgeting and forecasting processes,0
250,"Evaluating IoT solution requirements for industrial settings with machine learning-powered predictive maintenance, including ROI analysis and scalability considerations",0
251,"Assessing finance and asset management system effectiveness for our organization, including regulatory compliance and budgeting efficiency metrics",0
252,"Analyze this finance and asset management system implementation for our organization, including ROI and total cost of ownership metrics",0
253,"Develop a composable infrastructure strategy that incorporates serverless computing, containerization, and AI-driven optimization for improved agility and scalability",0
254,Develop a high-performance computing (HPC) strategy that incorporates AI-driven simulation and modeling capabilities for scientific research and development,0
255,Evaluate the feasibility of implementing data backup solutions that incorporate AI-driven data deduplication and compression for improved efficiency,0
256,"Optimize the current virtualization infrastructure to improve scalability, security, and performance for our organization",0
257,I'm trying to understand how IoT devices can be integrated with our existing systems - someone told me that it's not as straightforward as it sounds?,0
258,Develop security protocols for sensitive data transfer,0
259,Evaluate B2B-OEM Solutions for customization and integration with our existing products,0
260,Improve finance & asset management services to enhance resource allocation and reduce costs,0
261,We are currently facing challenges in disaster recovery planning for our organization,0
262,"Evaluate HCI solutions for scalability, efficiency, and cost-effectiveness",0
263,Implement virtualization solutions to improve resource utilization and reduce hardware costs,0
264,"Someone told me that Composable Infrastructure can simplify IT operations, but I need more information on implementation details",0
265,Evaluate server management processes for our distributed teams to improve efficiency and productivity,0
266,How do I trigger our disaster recovery procedures if my primary system goes down?,0
267,We are currently facing challenges in integrating IoT devices with our existing infrastructure,0
268,"Someone told me that Composable Infrastructure can improve data center efficiency, but I need more information on implementation details",0
269,Evaluate data backup solutions for our growing cloud storage needs to ensure data integrity and security,0
270,"Someone told me that Server Management can improve IT operations, but I need more information on implementation details",0
271,We are currently facing challenges in optimizing HCI infrastructure for our growing demands,0
272,Develop security protocols for sensitive data transfer to protect against cyber threats and data breaches,0
273,Optimize B2B-OEM Solutions for maximum ROI,0
274,Reassess Finance & Asset Management Services to improve operational efficiency,0
275,Evaluate Business Continuity strategies to minimize downtime and data loss,0
276,Review Virtualization Solutions for cost savings and scalability options,0
277,Analyze High-Performance Computing (HPC) infrastructure for performance bottlenecks,0
278,Evaluate Business Continuity protocols to ensure disaster recovery readiness,0
279,Simplify Server Management processes with automation tools and workflows,0
280,Assess Hybrid Workplace models for collaboration and productivity benefits,0
281,Explore Internet of Things (IoT) solutions to enhance manufacturing process efficiency,0
282,Evaluate High-Performance Computing (HPC) capabilities for research and development projects,0
283,Optimize Virtualization Solutions for maximum resource utilization and scalability,0
284,Implement Direct Liquid Cooling to reduce data center energy consumption and costs,0
285,Evaluate Server Management best practices for improving IT operations and reducing downtime,0
286,Reassess High-Performance Computing (HPC) infrastructure for performance optimization and cost savings,0
287,Review Data Backup strategies to ensure data integrity and recoverability in case of disaster,0
288,Can someone provide an analysis of our Exascale solution's performance over the past quarter?,0
289,We're considering implementing High-Performance Computing (HPC) solutions to boost our research capabilities. What are the key factors to consider when making a selection?,0
290,Someone told me that Server Management solutions can help us improve our IT operations and reduce costs. Can you provide some information on their implementation process?,0
291,"We're exploring the benefits of Internet of Things (IoT) solutions for our organization, but I'm not sure how they can be integrated with our existing infrastructure. What are the key considerations to keep in mind when implementing this technology?",0
292,I've been tasked with evaluating Data Backup solutions that meet our growing capacity needs and comply with regulations such as NIS2 and GDPR. Can someone provide some insight into their architecture and benefits?,0
293,"We're considering implementing a new Data Backup solution, but I'm concerned about the costs and maintenance requirements. What are the key factors to consider when making a selection?",0
294,"Our team is currently facing compliance regulations with NIS2 and GDPR, which is why we're looking into Security/Risk/Compliance Services that meet these requirements. Can someone provide some guidance on this?",0
295,Someone told me that Business Continuity solutions can help us improve our disaster recovery capabilities. Can you provide some information on their implementation process and benefits?,0
296,We're considering implementing Hyperconverged Infrastructure (HCI) solutions to boost our IT operations and reduce costs. What are the key advantages and disadvantages of this technology?,0
297,"Can someone provide an analysis of our Exascale solution's performance over the past quarter, taking into account its compliance with regulations such as NIS2 and GDPR?",0
298,We're considering implementing Security/Risk/Compliance Services to improve our security posture and meet regulatory requirements. What are the key factors to consider when making a selection?,0
299,Someone told me that Direct Liquid Cooling solutions can help us improve our data center operations and reduce costs. Can you provide some information on their implementation process?,0
300,"We're exploring the benefits of B2B-OEM Solutions for our organization, but I'm not sure how they can be integrated with our existing infrastructure. What are the key considerations to keep in mind when implementing this technology?",0
301,"Can someone provide an analysis of our Hyperconverged Infrastructure (HCI) solution's performance over the past quarter, taking into account its compliance with regulations such as NIS2 and GDPR?",0
302,"We're considering implementing High-Performance Computing (HPC) solutions to boost our research capabilities. What are the key advantages and disadvantages of this technology, and how can we optimize its performance?",0
303,Can't we just get some clarity on how IoT can benefit our organization?,0
304,"Our data center is bursting at the seams, and I need a solution that can scale with us. What are my options for Server Management?",0
305,We're struggling to keep up with security threats and compliance regulations. Can someone provide expert guidance on Security/Risk/Compliance Services?,0
306,"I'm trying to convince our leadership that we need a robust Server Management solution, but I just can't seem to get the numbers to add up. How do I make the case for it?",0
307,"We're in the midst of a major IT overhaul, and I'm worried that our current Server Management setup will hold us back. What are the key considerations for upgrading?",0
308,I've heard rumors that Security/Risk/Compliance Services can help us mitigate some of our biggest security risks. Can someone tell me more about what's involved?,0
309,"We're drowning in paperwork and compliance requirements, and I'm starting to lose sleep over it. What are the key takeaways from a recent study on Finance & Asset Management Services?",0
310,"I've been tasked with evaluating our current Hybrid Workplace setup, but I need more information on what's available in terms of tools and services. Can someone provide some insight?",0
311,"Someone told me that Exascale solutions can help us improve our research capabilities, but I'm skeptical. What are the technical implications, and how will it affect our IT infrastructure?",0
312,"Our data storage needs are skyrocketing, and I need a solution that can keep up with our growth. What options do we have for Data Storage?",0
313,"I've been tasked with evaluating our current security posture, but I'm struggling to understand the nuances of Security/Risk/Compliance Services. Can someone provide a high-level overview?",0
314,"I've been working on a project that involves Hybrid Workplace solutions, and I'm starting to realize just how complex it is. What are the key considerations for implementing a successful Hybrid Workplace setup?",0
315,Analyze this: Our current Virtualization Solutions setup is woefully inadequate. What steps can we take to modernize and optimize our infrastructure?,0
316,"We're facing a crisis in terms of Business Continuity planning, and I need expert guidance on how to get back on track. Can someone provide some recommendations?",0
317,"I've been tasked with evaluating B2B-OEM Solutions for our organization, but I'm struggling to understand the benefits. What are the key advantages of implementing a B2B-OEM Solution?",0
318,We're experiencing data breaches and security incidents left and right - what's going on with our IoT infrastructure?,0
319,"Develop a comprehensive assessment of Data Storage solutions that can meet our organization's growing data needs, including scalability, security, and cost-effectiveness",0
320,Someone mentioned that Virtualization Solutions can improve resource utilization and reduce costs. Can you provide a detailed analysis of their potential applications in our organization?,0
321,I'm struggling to get the most out of Hyperconverged Infrastructure (HCI) - can someone provide guidance on optimizing its performance and reducing costs?,0
322,"Our Business Continuity plan is outdated, and I'd like to develop a comprehensive strategy for disaster recovery, risk assessment, and incident management protocols",0
323,"Someone told me that Server Management is critical to IT infrastructure optimization. Can you provide an overview of its key components, including resource utilization, performance monitoring, and capacity planning?",0
324,"We're facing significant challenges in terms of Server Management, including resource utilization and performance issues. Can someone provide a detailed analysis of their current state and recommend strategies for improvement?",0
325,I'm frustrated with the lack of visibility into our Internet of Things (IoT) ecosystem - can someone provide an overview of its current state and recommend strategies for optimization and growth?,0
326,Develop a comprehensive risk management strategy to mitigate potential security threats,0
327,Evaluate the business case for adopting hyperconverged infrastructure solutions,0
328,Assess the feasibility of implementing finance and asset management services to optimize resource allocation,0
329,We're experiencing issues with data storage capacity and need a solution that can scale with our business,0
330,Analyze the long-term implications of IoT adoption on our organization's infrastructure and provide recommendations for improvement,0
331,Develop a comprehensive plan to implement finance and asset management services that integrate with our existing ERP system,0
332,Evaluate the effectiveness of our current security risk management strategy and recommend areas for improvement,0
333,We're considering adopting hybrid workplace solutions to improve employee productivity and collaboration. What are the key considerations?,0
334,Assess the feasibility of migrating to hyperconverged infrastructure solutions for improved resource utilization and scalability,0
335,We're interested in exploring composable infrastructure solutions that can provide greater flexibility and agility. Can someone walk me through the benefits?,0
336,Develop a comprehensive plan to implement direct liquid cooling solutions that reduce energy costs and improve data center efficiency,0
337,We're considering partnering with an external consultant to help us navigate the complexities of IoT adoption. Can someone recommend a reputable partner?,0
338,Implement a robust server management strategy that includes proactive monitoring and maintenance to minimize downtime and improve resource utilization,0
339,"We're facing significant challenges in terms of data backup and recovery, including ensuring compliance with regulatory requirements. Can someone provide guidance on best practices?",0
340,I'm interested in learning more about hyperconverged infrastructure solutions and how they can benefit our organization. Can someone provide a high-level overview?,0
341,Assess our organization's current security posture and identify areas for improvement regarding risk management and compliance services,0
342,Someone mentioned that exascale technology is being used to accelerate scientific research. Can you explain how it works and its potential applications in our industry?,0
343,"Evaluate the best practices for designing and implementing a composable infrastructure solution that integrates with our existing IT infrastructure, considering both cost and efficiency",0
344,Someone told me that high-performance computing (HPC) solutions are being used to accelerate complex simulations. Can you explain how it works and its potential applications in our industry?,0
345,"Evaluate the long-term strategic implications of implementing B2B-OEM solutions in our organization, considering both cost and efficiency",0
346,Someone mentioned that composable infrastructure solutions are being used to improve resource utilization. Can you explain how it works and its potential applications in our industry?,0
347,Evaluate the ROI of our HPC solution to determine if it's still meeting business needs,0
348,We're struggling with virtualization solution implementation - someone tell us what we're doing wrong,0
349,Assess our server management strategy for efficiency and scalability,0
350,Evaluate direct liquid cooling solutions for data centers,0
351,Provide an overview of exascale computing capabilities and benefits,0
352,Develop a comprehensive plan for optimizing our data storage infrastructure,0
353,"We are currently facing challenges with remote work setup and management, can you provide recommendations?",0
354,What are the most cutting-edge enterprise data storage solutions available for my clients?,0
355,"Someone mentioned that our data storage solution is not meeting industry standards, can you provide recommendations?",0
356,"As an end user, how do I configure the new HCI environment we just purchased?",0
357,Analyze the ROI of our B2B-OEM solutions to determine if they're still meeting business objectives,0
358,"Evaluate the current state of our security, risk, and compliance practices, identifying areas for improvement and potential cost savings through optimized practices",0
359,Someone told me that we need to implement finance and asset management services across our organization,0
360,"We are currently facing challenges with implementing IoT solutions, can you provide recommendations?",0
361,Evaluate the current state of our virtualization solution and identify areas for improvement and potential cost savings through optimized practices,0
362,"Analyze the benefits of implementing B2B-OEM solutions across our organization, focusing on cost savings and efficiency gains",0
363,Evaluate the current state of our server management strategy for efficiency and scalability,0
364,Optimize our data backup strategy to minimize RPO and RTO,0
365,Evaluate the efficacy of hybrid workplace solutions on employee productivity and collaboration,0
366,Explain the concept of IoT edge computing and its implications for data sovereignty,0
367,Assess the viability of B2B-OEM solutions in reducing procurement lead times and improving supply chain resilience,0
368,Simplify our server management workflow to reduce mean time to recover (MTTR) and improve uptime,0
369,Develop a strategy for implementing HPC clusters with heterogeneous CPU architectures,0
370,Design a composable infrastructure framework for dynamically allocating resources in real-time,0
371,Evaluate the feasibility of HCI solutions for consolidating legacy infrastructure and reducing costs,0
372,Reassess our finance and asset management services to ensure alignment with industry best practices,0
373,Implement B2B-OEM solutions for streamlining procurement processes and improving vendor relationships,0
374,Develop a hybrid workplace strategy to enhance employee experience and drive business outcomes,0
375,Evaluate the current state of our server management strategy for efficiency and cost-effectiveness,0
376,Analyze the scalability and performance implications of exascale computing on our organization's infrastructure,0
377,"Evaluate the security, risk, and compliance requirements for implementing IoT devices in a production environment",0
378,Develop an IoT strategy to leverage edge computing and enhance data analytics capabilities,0
379,Analyze the effectiveness of our current server management solution in supporting employee productivity,0
380,Evaluate Finance & Asset Management Services to ensure they meet our organization's compliance requirements and regulatory standards,0
381,"Evaluate data backup solutions that meet our organization's specific needs, including scalability and GDPR compliance requirements",0
382,"Evaluate B2B-OEM Solutions for their potential to improve efficiency and reduce costs, considering future growth and regulatory requirements",0
383,"Develop a business continuity plan that ensures minimal downtime in the event of an unexpected disruption, while ensuring NIS2 compliance",0
384,"Assess the benefits of implementing a business continuity plan that ensures minimal downtime in the event of an unexpected disruption, while ensuring NIS2 compliance and regulatory requirements",0
385,Evaluate the potential benefits of High-Performance Computing (HPC) for improving computational efficiency and reducing costs,0
386,Assess the technical viability of implementing HPC to support our organization's growing computational needs and regulatory requirements,0
387,Analyze this HCI implementation for improved scalability and performance,0
388,Evaluate the benefits of Hyperconverged Infrastructure for our organization's needs,0
389,Re-evaluate composable infrastructure strategy to ensure alignment with business goals and budget constraints,0
390,"Educate on Exascale solutions for high-performance computing needs, including scalability and security considerations",0
391,Optimize composable infrastructure implementation to reduce costs and improve resource utilization,0
392,"Evaluate hybrid workplace options for improved collaboration and productivity, while ensuring data security and compliance",0
393,Deploy data backup solution to ensure business continuity and minimize downtime in case of hardware failure or data loss,0
394,Implement HCI to simplify management and improve data protection for our organization's growing IT infrastructure needs,0
395,"Evaluate finance and asset management system requirements for accurate tracking of assets, inventory, and expenses",0
396,Assess security framework requirements to ensure compliance with industry regulations and protect against cyber threats,0
397,"Evaluate B2B-OEM solutions for custom hardware requirements, integration with existing infrastructure, and cost-effectiveness",0
398,"Develop a data storage strategy to optimize performance, capacity, and cost-effectiveness, considering our organization's growing data needs",0
399,"Evaluate finance and asset management system options for accurate tracking of assets, inventory, and expenses, ensuring compliance with industry regulations",0
400,"Develop an awareness plan to educate stakeholders on server management best practices, including monitoring, maintenance, and security",0
401,"Evaluate security framework requirements for our organization's growing IT infrastructure needs, ensuring compliance with industry regulations and protecting against cyber threats",0
402,"Given our company's growth trajectory, we must now assess B2B-OEM solutions for hardware integration and customization needs",0
403,"Our organization is considering composable infrastructure to enhance scalability and agility in cloud environments, what are the key considerations?",0
404,"Considering B2B-OEM solutions for our company's hardware requirements, seeking expert advice on integration and support",0
405,"We need to evaluate composable infrastructure options for our organization's cloud environment, including scalability, security, and cost-effectiveness",0
406,Can we discuss hybrid workplace strategies for improving employee productivity and collaboration in a remote work setup?,0
407,"Evaluating B2B-OEM solutions for our company's hardware requirements, seeking expert advice on customization and support",0
408,"Our team is facing challenges in server management due to increasing workloads and complexity, we need a comprehensive solution to streamline operations",0
409,"We are exploring virtualization solutions for our organization's cloud computing needs, seeking expert advice on scalability and security",0
410,"Can someone provide an overview of direct liquid cooling options for data center thermal management, including installation and maintenance procedures?",0
411,"Evaluating IoT sensor data analytics for predictive maintenance and process optimization in our manufacturing processes, seeking expert guidance on implementation and ROI",0
412,"We are currently implementing hybrid workplace solutions to enhance employee experience and productivity, but we need to assess the impact on IT infrastructure and security",0
413,"Our organization is facing growing security risks and compliance requirements due to increasing digital transformation, we must now evaluate security/risk/compliance services for mitigation and governance",0
414,"We need to assess exascale options for high-performance computing workloads in our data center, including scalability, security, and cost-effectiveness",0
415,"Our team is responsible for managing data backup and recovery processes, but we struggle with meeting compliance requirements and ensuring data integrity",0
416,"Evaluating security/risk/compliance services for our organization's growing IT infrastructure, seeking expert advice on mitigation and governance",0
417,"Someone told me that business continuity planning is crucial for our organization's survival, but I'm not sure where to start",0
418,We're facing severe regulatory compliance challenges with our current security/risk/compliance services. Can someone help us find a solution?,0
419,"Analyze this finance and asset management system implementation for our organization, including ROI analysis and total cost of ownership metrics",0
420,We're struggling to optimize our data center's thermal management with direct liquid cooling. Can someone help us find a solution?,0
421,I'm frustrated with the inefficiencies of traditional workspaces and want to implement hybrid workplace solutions that prioritize collaboration and flexibility,0
422,"Time to re-evaluate our hyperconverged infrastructure (HCI) architecture for improved scalability, security, and performance. Can someone help us assess the latest options?",0
423,We're currently facing significant challenges with data processing latency on our Exascale solution. Can someone provide insights to optimize its performance?,0
424,Someone told me that direct liquid cooling can reduce our data center's energy consumption by up to 30%. But how do we implement it effectively in our current infrastructure?,0
425,We're struggling to optimize the performance of our High-Performance Computing (HPC) clusters. Can someone help us identify the root cause and find a solution?,0
426,"Someone told me that server management is crucial for maintaining high availability and uptime, but I'm not sure where to start with monitoring and troubleshooting",0
427,I'm interested in learning more about finance and asset management services that can help us optimize our budgeting and forecasting processes. Can someone provide recommendations?,0
428,We're currently facing significant challenges with data storage capacity and scalability on our current infrastructure. Can someone help us assess the latest options for Data Storage?,0
429,"I'm frustrated with the inefficiencies of traditional HPC architectures and want to implement new solutions that prioritize scalability, security, and performance",0
430,Someone told me that composable infrastructure can provide significant benefits for our organization's IT operations. Can someone help us design a composable infrastructure solution?,0
431,"We're struggling to optimize the performance of our virtualized environments and want to implement new solutions that prioritize scalability, security, and performance",0
432,Evaluate the effectiveness of current data backup procedures and recommend best practices for improved disaster recovery and business continuity,0
433,I'm concerned about the potential risks associated with data breaches and cyber attacks on our organization. Can someone help mitigate these risks?,0
434,"Evaluate the feasibility of implementing hyperconverged infrastructure solutions in our organization, including scalability and security considerations",0
435,Assess the potential risks associated with data breaches and cyber attacks on our global network. Can someone help mitigate these risks?,0
436,Evaluate the current data backup procedures and recommend best practices for improved disaster recovery and business continuity,0
437,We're struggling to optimize the performance of our current data backup procedures. Can someone help improve our disaster recovery and business continuity?,0
438,Evaluate the current state of our business continuity strategies to identify potential vulnerabilities and develop risk mitigation plans,0
439,"Evaluate the current state of our data backup procedures and recommend best practices for implementation, including data deduplication and compression techniques",0
440,Analyze this storage cluster for optimal configuration and performance optimization,0
441,Evaluate Exascale architecture for its potential to solve the most complex computational problems,0
442,Assess virtualization solutions for their ability to improve resource utilization and reduce hardware costs,0
443,Evaluate business continuity strategies to identify areas of improvement in disaster recovery planning,0
444,Review security protocols to ensure they meet regulatory requirements for sensitive data transfer,0
445,Evaluate HCI infrastructure for its potential to improve scalability and reduce administrative overhead,0
446,Assess Composable Infrastructure's ability to simplify IT operations and improve resource utilization,0
447,Evaluate virtualization solutions for their potential to improve application performance and reduce latency,0
448,Review virtualization solutions for their ability to improve resource utilization and reduce hardware costs in a multi-cloud environment,0
449,Evaluate the current state of our hybrid workplace infrastructure to identify areas of improvement in collaboration and productivity,0
450,Analyze this data backup procedure for optimal configuration and performance optimization,0
451,Assess B2B-OEM Solutions for their potential to improve customization and integration with our existing products,0
452,I need a comprehensive overview of IoT implementation strategies in industrial sectors to present to clients.,0
453,Review finance & asset management services for their potential to improve resource allocation and reduce costs,0
454,Assess the current state of our data backup procedures to identify areas of improvement in data integrity and security,0
455,Implement HCI infrastructure now before business is impacted by slow application performance,0
456,We cannot afford another disaster recovery failure due to inadequate Business Continuity planning,0
457,Our employees are struggling with remote work due to poor Hybrid Workplace setup and communication,0
458,Composable Infrastructure must be implemented ASAP to meet growing business demands for scalability,0
459,We're experiencing severe data storage capacity constraints and need immediate solutions,0
460,Rapidly deploy Data Storage solutions to address our company's exponential data growth,0
461,Our current Business Continuity plan is woefully inadequate and needs a complete overhaul,0
462,I'm fed up with B2B-OEM Solutions that promise the world but fail to deliver on their claims,0
463,Virtualization Solutions are being implemented too slowly and need more aggressive support,0
464,We're drowning in data storage costs and need a comprehensive solution to optimize our infrastructure,0
465,Our organization is plagued by inefficient Data Storage management processes that waste resources,0
466,High-Performance Computing (HPC) solutions are being held up due to bureaucratic red tape and lack of expertise,0
467,Our company is severely limiting its potential with outdated High-Performance Computing (HPC) infrastructure,0
468,Security/Risk/Compliance Services need to be implemented immediately to mitigate growing cyber threats,0
469,We're losing money and talent due to inadequate Hybrid Workplace setup and lack of support for remote work,0
470,Assess our current infrastructure's alignment with NIS2 regulations for compliance,0
471,"We're reviewing Composable Infrastructure solutions to optimize resource allocation and reduce costs, but I'm concerned about scalability and integration. Can you provide some guidance on these aspects?",0
472,Our current Hybrid Workplace setup is not meeting our needs due to inadequate security measures and lack of flexibility. We need a solution that can adapt to changing business requirements while ensuring compliance with GDPR regulations. What are the key considerations for implementing such a system?,0
473,"Can you explain the benefits and potential drawbacks of Composable Infrastructure solutions in terms of resource allocation, scalability, and integration with existing systems?",0
474,"We're considering implementing a new Composable Infrastructure solution to improve IT efficiency and reduce costs. However, I'm concerned about the initial investment and long-term maintenance requirements. Can you provide some information on these aspects?",0
475,Someone told me that High-Performance Computing (HPC) solutions can help us accelerate our research and development processes while ensuring compliance with NIS2 regulations. Can you confirm this and provide more details on their implementation process?,0
476,"We're considering implementing Internet of Things (IoT) solutions to improve operational efficiency, but I'm concerned about security and data protection. What are the key considerations for ensuring compliance with GDPR regulations in this context?",0
477,What are the best practices for maintaining direct liquid cooling systems in client data centers?,0
478,Someone told me that Direct Liquid Cooling solutions can help us reduce energy consumption and improve data center efficiency while ensuring compliance with NIS2 regulations. Can you confirm this and provide more details on their implementation process?,0
479,"We're considering implementing Data Backup solutions to ensure business continuity in case of unexpected events, but I'm concerned about data protection and security. What are the key considerations for ensuring compliance with NIS2 regulations in this context?",0
480,What are the exact technical steps to integrate B2B-OEM hardware components into our custom builds?,0
481,I want to partner with a top-tier B2B-OEM provider to scale our product offerings globally.,0
482,We need virtualization software that significantly reduces our hardware expenditures without sacrificing performance.,0
483,"We're reviewing High-Performance Computing (HPC) solutions to optimize resource allocation and reduce costs, but I'm concerned about scalability and integration. Can you provide some guidance on these aspects?",0
484,Someone told me that Data Storage solutions can help us improve data management efficiency while ensuring compliance with NIS2 regulations. Can you confirm this and provide more details on their implementation process?,0
485,"I've been tasked with evaluating our current Hyperconverged Infrastructure (HCI) setup, but I'm struggling to understand the nuances of its scalability and efficiency.",0
486,"Analyze this: Our current Data Storage setup is a ticking time bomb, waiting to unleash a data management catastrophe.",0
487,"I've been tasked with evaluating our current Internet of Things (IoT) setup, but I'm struggling to understand the nuances of its integration and security implications.",0
488,"I've been tasked with evaluating our current Hybrid Workplace setup, but I'm struggling to understand the nuances of its adoption and implementation.",0
489,Someone mentioned that Business Continuity is essential for meeting GDPR compliance requirements - can you explain how it works?,0
490,"We're experiencing data storage issues, but I'm not sure what our options are for upgrading to meet growing demands",0
491,"We're considering Composable Infrastructure solutions for our organization, but I need more information on their cost-effectiveness and scalability compared to traditional infrastructure options",0
492,Evaluate our current security posture to ensure we're meeting NIS2 compliance regulations,0
493,Assess the viability of server virtualization solutions for improved resource utilization and cost savings,0
494,We are currently facing significant business disruptions due to unexpected IT outages. How can we improve our business continuity planning?,0
495,Analyze the potential benefits of direct liquid cooling solutions for our data center infrastructure,0
496,We're considering implementing hybrid workplace solutions to improve employee productivity and collaboration. What are the key considerations?,0
497,"Develop a comprehensive plan to integrate IoT devices into our existing infrastructure, ensuring compliance with regulatory requirements",0
498,We're experiencing data storage capacity issues and need a solution that can scale with our business. What are our options?,0
499,Evaluate the long-term implications of exascale adoption on our organization's IT infrastructure and budget,0
500,Assess the feasibility of migrating to virtualization solutions for improved resource utilization and cost savings,0
501,We're considering implementing business continuity planning measures to ensure compliance with regulatory requirements. What are the key steps?,0
502,Develop a comprehensive plan to implement B2B-OEM solutions that meet our organization's unique needs and budget,0
503,We're interested in exploring high-performance computing solutions for improved research and development capabilities. Can someone walk me through the benefits?,0
504,"Implement hybrid workplace solutions that prioritize employee well-being, productivity, and collaboration while maintaining regulatory compliance",0
505,Evaluate the long-term implications of exascale adoption on our organization's IT infrastructure and budget. What are the key considerations?,0
506,"Develop a comprehensive plan to implement finance and asset management services that integrate with our existing ERP system, ensuring compliance with regulatory requirements",0
507,Someone mentioned that direct liquid cooling technology is a game-changer for data centers. Can you provide more information on its implementation and benefits?,0
508,Someone told me that B2B-OEM solutions are being used to improve product development times. What are some strategies for implementing a successful B2B-OEM solution in our organization?,0
509,Someone mentioned that hyperconverged infrastructure (HCI) solutions are being used to improve resource utilization. Can you provide more information on its implementation and benefits?,0
510,We're experiencing data storage issues due to outdated hardware. What are some strategies for updating our data storage systems to improve performance and reduce costs?,0
511,Someone mentioned that hybrid workplace solutions are being used to improve employee well-being. Can you provide more information on its implementation and benefits in our organization?,0
512,We're experiencing data backup issues due to complex security requirements. What are some strategies for implementing a successful data backup solution in our organization?,0
513,"Someone told me that B2B-OEM solutions can be customized for specific industry requirements, but I'm not sure if they'll meet our organization's unique needs",0
514,We're experiencing issues with data transfer rates and latency in our IT infrastructure - someone help us troubleshoot the problem and implement a solution,0
515,Analyze the ROI of our direct liquid cooling solution to determine if it's still meeting business objectives,0
516,"Evaluate the current state of our hybrid workplace strategy, identifying areas for improvement and potential cost savings through optimized practices",0
517,"Assess the performance and efficiency gains of our B2B-OEM solutions, recommending areas for optimization and improvement",0
518,"Evaluate the feasibility of implementing exascale computing in our organization, focusing on scalability and performance benefits",0
519,"Develop a comprehensive plan for optimizing our data storage infrastructure, identifying areas for improvement and potential cost savings through optimized practices",0
520,Evaluate the efficacy of direct liquid cooling solutions in reducing data center power consumption and improving heat management,0
521,"Analyze the benefits of implementing virtualization solutions across our organization, focusing on cost savings and efficiency gains",0
522,"Evaluate the current state of our data storage infrastructure, identifying areas for improvement and potential cost savings through optimized practices",0
523,What is the step-by-step process for migrating legacy servers to a new HCI platform?,0
524,I need to compare SLA guarantees of leading data storage vendors before we sign the final contract.,0
525,"We are currently facing challenges with implementing business continuity plans across our organization, can you provide recommendations?",0
526,Can someone provide a technical architecture breakdown of modern HCI platforms?,0
527,"Evaluate the feasibility of implementing high-performance computing solutions in our organization, focusing on scalability and performance benefits",0
528,"Someone told me that server management is a critical component of IT infrastructure, can you provide recommendations?",0
529,Are our current compliance service providers delivering enough value against the latest regulatory updates?,0
530,Assess business continuity plan effectiveness,0
531,Evaluate B2B-OEM Solutions ROI and vendor relationships,0
532,Implement Finance & Asset Management Services to optimize procurement,0
533,Analyze server management workflows for efficiency and cost savings,0
534,Deploy IoT solutions to enhance operational efficiency and reduce costs,0
535,Evaluate exascale computing feasibility for complex simulations and modeling,0
536,Monitor B2B-OEM Solutions performance and vendor support,0
537,"Develop comprehensive security, risk, and compliance strategy",0
538,Evaluate virtualization solutions for dynamic resource allocation and workload optimization,0
539,Design hybrid workplace strategy to enhance employee experience and drive business outcomes,0
540,Increase B2B-OEM Solutions adoption across organization and improve vendor management,0
541,"Evaluate virtualization solutions for server consolidation, energy efficiency, and scalability",0
542,Assess direct liquid cooling benefits in reducing data center costs and increasing performance,0
543,Evaluate server management practices for improving infrastructure resilience and reducing downtime,0
544,"Monitor HCI solution performance, scalability, and total cost of ownership",0
545,We're looking for a reliable Finance & Asset Management Services provider to manage our organization's IT assets,0
546,"Analyze the security, risk, and compliance requirements for implementing Exascale technology in our data center",0
547,We're evaluating Data Storage options for our organization's growing data needs,0
548,Reassess the feasibility of Composable Infrastructure for our organization's evolving IT needs,0
549,Evaluate B2B-OEM Solutions for their potential to improve efficiency and reduce costs in our organization's current IT infrastructure setup,0
550,Develop a data backup strategy to ensure business continuity in case of hardware failure or data loss,0
551,Evaluate the feasibility of implementing Hyperconverged Infrastructure for improved scalability and reduced complexity,0
552,Reassess the ROI on High-Performance Computing investments to ensure alignment with business goals,0
553,Develop a comprehensive data backup plan to mitigate risks and ensure compliance with industry regulations,0
554,"Evaluate the potential benefits of Exascale computing for high-performance applications, including scalability and security considerations",0
555,"Conduct a thorough analysis of Virtualization Solutions to determine their suitability for our organization's needs, including cost-effectiveness and performance metrics",0
556,"Implement server management best practices to ensure efficient monitoring, maintenance, and security",0
557,Evaluate the feasibility of implementing Business Continuity measures to ensure minimal downtime in case of disaster or hardware failure,0
558,"Evaluate the benefits and challenges of Direct Liquid Cooling for high-performance computing applications, including heat dissipation and energy efficiency",0
559,Assess the performance and scalability of Exascale computing solutions to ensure alignment with business goals and requirements,0
560,"Evaluate the potential benefits of Composable Infrastructure for improving resource utilization, reducing costs, and enhancing agility",0
561,Develop a comprehensive Direct Liquid Cooling strategy to improve heat dissipation and energy efficiency in high-performance computing environments,0
562,"Evaluate the potential benefits of Internet of Things (IoT) for improving operational efficiency, reducing costs, and enhancing decision-making capabilities",0
563,Develop a comprehensive Business Continuity plan to ensure minimal downtime in case of disaster or hardware failure and maintain compliance with industry regulations,0
564,"Evaluate the potential benefits of Composable Infrastructure for improving resource utilization, reducing costs, and enhancing agility in high-performance computing environments",0
565,Streamline data backup processes to minimize downtime and ensure business continuity,0
566,"Evaluate B2B-OEM solutions for our company's hardware requirements, including customization and support options",0
567,"Assess the feasibility of implementing B2B-OEM solutions in our organization, considering scalability and cost-effectiveness",0
568,"We are currently facing a surge in IoT adoption, but we need to ensure that our infrastructure can support it, what are the key considerations?",0
569,Optimize direct liquid cooling systems for maximum efficiency and minimal maintenance requirements,0
570,"Evaluate exascale options for high-performance computing workloads in our data center, including scalability and security considerations",0
571,Develop a comprehensive server management plan to streamline operations and reduce costs,0
572,"Re-evaluate virtualization solutions for our organization's cloud computing needs, considering scalability and security requirements",0
573,We are seeking expert advice on hybrid workplace strategies for improving employee productivity and collaboration in a remote work setup,0
574,Maximize the benefits of Security/Risk/Compliance Services by implementing robust security protocols and compliance frameworks,0
575,"Evaluate IoT sensor data analytics for predictive maintenance and process optimization in our manufacturing processes, seeking expert guidance on implementation and ROI",0
576,"Develop a comprehensive plan to integrate Composable Infrastructure into our organization's cloud environment, considering scalability, security, and cost-effectiveness",0
577,"We are currently facing challenges in server management due to increasing workloads and complexity, we need a comprehensive solution to streamline operations",0
578,Implement robust Security/Risk/Compliance Services to mitigate growing security risks and compliance requirements due to digital transformation,0
579,"Develop a comprehensive awareness plan to educate stakeholders on Security/Risk/Compliance Services, including mitigation strategies and compliance requirements",0
580,"Someone told me that Exascale solutions can revolutionize our organization's high-performance computing capabilities, but I'm not sure where to start",0
581,We're struggling with the complexity of our current Hyperconverged Infrastructure (HCI) architecture and need help re-evaluating its scalability and performance,0
582,Implement robust Security/Risk/Compliance Services to mitigate growing security threats and regulatory compliance challenges within our organization,0
583,We're struggling with inefficient thermal management in our data center and need help optimizing direct liquid cooling solutions for improved performance,0
584,"Someone told me that Business Continuity planning is crucial for our organization's survival, but I'm not sure where to start with implementing a comprehensive plan",0
585,I'm frustrated with the inefficiencies of traditional Exascale architectures and want to learn more about modern solutions for improved scalability and performance,0
586,"Someone told me that Server Management is crucial for maintaining high availability and uptime, but I'm not sure where to start with monitoring and troubleshooting",0
587,We're struggling with inefficient resource utilization in our virtualized environments and need help optimizing Virtualization Solutions for improved performance,0
588,"Someone told me that B2B-OEM Solutions can provide significant benefits for our organization's IT operations, but I'm not sure where to start with implementing a comprehensive solution",0
589,We're struggling with inefficient disaster recovery processes and need help implementing robust Business Continuity solutions within our organization,0
590,"I'm frustrated with the inefficiencies of traditional HPC architectures and want to learn more about modern solutions for improved scalability, security, and performance. Can someone provide recommendations?",0
591,We're currently facing significant challenges with data backup and recovery processes within our organization and need help re-evaluating Data Backup options for improved efficiency,0
592,"Someone told me that B2B-OEM Solutions can provide significant benefits for our organization's IT operations, but I'm not sure where to start with implementing a comprehensive solution. Can someone provide guidance?",0
593,I'm excited about the potential of Exascale solutions for revolutionizing our organization's high-performance computing capabilities. But what are the first steps we should take to implement such a solution?,0
594,"Someone told me that Finance & Asset Management Services can help us optimize our budgeting and forecasting processes, but I'm not sure where to start with implementing a comprehensive plan",0
595,Analyze this: how can we implement security protocols that meet NIS2 compliance regulations?,0
596,"Someone told me that virtualization solutions can improve server utilization and reduce costs, but I'm not sure if it's the right fit for our organization. Can you help me understand its benefits and limitations?",0
597,"Develop a hyperconverged infrastructure solution that incorporates flash storage, software-defined networking, and advanced data protection features to improve performance, scalability, and security while meeting GDPR compliance regulations. Can you help me implement this?",0
598,Can we discuss server management strategies for optimizing resource utilization?,0
599,We need to implement Composable Infrastructure ASAP to improve scalability and reduce administrative overhead,0
600,"I'm looking into B2B-OEM Solutions that can customize our products for specific client requirements, has anyone worked with these?",0
